No,District,County,Subcounty
643,ABIM,LABWOR,ABIM
644,ABIM,LABWOR,ALEREK
645,ABIM,LABWOR,LOTUKEI
646,ABIM,LABWOR,MORULEM
647,ABIM,LABWOR,NYAKWAE
471,ADJUMANI,EAST MOYO,ADJUMANI TC
472,ADJUMANI,EAST MOYO,ADROPI
473,ADJUMANI,EAST MOYO,CIFORO
474,ADJUMANI,EAST MOYO,DZAIPI
475,ADJUMANI,EAST MOYO,OFUA
476,ADJUMANI,EAST MOYO,PAKELLE
648,AMOLATAR,KIOGA,APUTI
649,AMOLATAR,KIOGA,AWELO
650,AMOLATAR,KIOGA,MUNTU
651,AMOLATAR,KIOGA,NAMASALE
413,AMURIA,AMURIA,ABARILELA
414,AMURIA,AMURIA,ASAMUK
415,AMURIA,AMURIA,KUJU
416,AMURIA,AMURIA,ORUNGO
417,AMURIA,AMURIA,WERA
418,AMURIA,AMURIA,MORUNGATUNY
419,AMURIA,KAPELEBYONG,ACOWA
420,AMURIA,KAPELEBYONG,KAPELEBYONG
421,AMURIA,KAPELEBYONG,OBALANGA
652,AMURU,KILAK,AMURU
653,AMURU,KILAK,ATIAK
654,AMURU,KILAK,LAMOGI
655,AMURU,KILAK,PABBO
656,AMURU,NWOYA,ALERO
657,AMURU,NWOYA,ANAKA
658,AMURU,NWOYA,PURONGO
659,AMURU,NWOYA,KOCH GOMA
477,APAC,KOLE,ABOKE
478,APAC,KOLE,AKALO
479,APAC,KOLE,ALITO
480,APAC,KOLE,AYER
481,APAC,KOLE,BALA
482,APAC,KWANIA,ABONGOMOLA
483,APAC,KWANIA,ADUKU
484,APAC,KWANIA,CHAWENTE
485,APAC,KWANIA,INOMO
486,APAC,KWANIA,NAMBIESO
487,APAC,MARUZI,AKOKORO
488,APAC,MARUZI,APAC
489,APAC,MARUZI,APAC TC
490,APAC,MARUZI,CEGERE
491,APAC,MARUZI,IBUJE
492,ARUA,ARUA MUNICIPALITY,ARUA HILL
493,ARUA,ARUA MUNICIPALITY,OLI RIVER
494,ARUA,AYIVU,ADUMI
495,ARUA,AYIVU,AROI
496,ARUA,AYIVU,DADAMU
497,ARUA,AYIVU,MANIBE
498,ARUA,AYIVU,OLUKO
499,ARUA,AYIVU,PAJULU
500,ARUA,MADI-OKOLLO,OFFAKA
501,ARUA,MADI-OKOLLO,OGOKO
502,ARUA,MADI-OKOLLO,OKOLLO
503,ARUA,MADI-OKOLLO,RHINO CAMP
504,ARUA,MADI-OKOLLO,RIGBO
505,ARUA,MADI-OKOLLO,ULEPPI
506,ARUA,VURRA,AJIA
507,ARUA,VURRA,ARIVU
508,ARUA,VURRA,LOGIRI
509,ARUA,VURRA,VURRA
422,BUDAKA,BUDAKA,BUDAKA
423,BUDAKA,BUDAKA,IKI-IKI
424,BUDAKA,BUDAKA,KADERUNA
425,BUDAKA,BUDAKA,KAMONKOLI
426,BUDAKA,BUDAKA,LYAMA
427,BUDAKA,BUDAKA,NABOA
428,BUDAKA,BUDAKA,KAMERUKA
429,BUDUDA,MANJIYA,BUBIITA
430,BUDUDA,MANJIYA,BUDUDA
431,BUDUDA,MANJIYA,BUKIBOKOLO
432,BUDUDA,MANJIYA,BUKIGAI
433,BUDUDA,MANJIYA,BULUCHEKE
434,BUDUDA,MANJIYA,BUMAYOKA
435,BUDUDA,MANJIYA,BUSHIKA
203,BUGIRI,BUKOOLI,BANDA
204,BUGIRI,BUKOOLI,BUDHAYA
205,BUGIRI,BUKOOLI,BUGIRI TC
206,BUGIRI,BUKOOLI,BULESA
207,BUGIRI,BUKOOLI,BULIDHA
208,BUGIRI,BUKOOLI,BULUGUYI
209,BUGIRI,BUKOOLI,BUSWALE
210,BUGIRI,BUKOOLI,BUWUNGA
211,BUGIRI,BUKOOLI,BUYINJA
212,BUGIRI,BUKOOLI,IWEMBA
213,BUGIRI,BUKOOLI,KAPYANGA
214,BUGIRI,BUKOOLI,MUTERERE
215,BUGIRI,BUKOOLI,NABUKALU
216,BUGIRI,BUKOOLI,NANKOMA
217,BUGIRI,BUKOOLI,SIGULU ISLANDS
218,BUGIRI,BUKOOLI,MUTUMBA
436,BUKEDEA,BUKEDEA,BUKEDEA
437,BUKEDEA,BUKEDEA,KACHUMBALA
438,BUKEDEA,BUKEDEA,KIDONGOLE
439,BUKEDEA,BUKEDEA,KOLIR
440,BUKEDEA,BUKEDEA,MALERA
441,BUKWA,KONGASIS,BUKWA
442,BUKWA,KONGASIS,CHESOWER
443,BUKWA,KONGASIS,KABEI
444,BUKWA,KONGASIS,SUAM
925,BULIISA,BULIISA,BIISO
926,BULIISA,BULIISA,BULIISA
699,BUNDIBUGYO,BWAMBA,BUBANDI
700,BUNDIBUGYO,BWAMBA,BUBUKWANGA
701,BUNDIBUGYO,BWAMBA,BUNDIBUGYO TC
702,BUNDIBUGYO,BWAMBA,BUSARU
703,BUNDIBUGYO,BUGHENDERA,HARUGALI
704,BUNDIBUGYO,BUGHENDERA,KASITU
705,BUNDIBUGYO,BUGHENDERA,NDUGUTO
706,BUNDIBUGYO,NTOROKO,KANARA
707,BUNDIBUGYO,NTOROKO,KARUGUTU
708,BUNDIBUGYO,NTOROKO,RWEBISENGO
709,BUSHENYI,BUHWEJU,BIHANGA
710,BUSHENYI,BUHWEJU,BURERE
711,BUSHENYI,BUHWEJU,KARUNGU
712,BUSHENYI,BUHWEJU,RWENGWE
713,BUSHENYI,BUNYARUGURU,KATERERA
714,BUSHENYI,BUNYARUGURU,KATUNGURU
715,BUSHENYI,BUNYARUGURU,KICHWAMBA
716,BUSHENYI,BUNYARUGURU,RYERU
717,BUSHENYI,IGARA,BUMBAIRE
718,BUSHENYI,IGARA,BUSHENYI-ISHAKA TC
719,BUSHENYI,IGARA,KAKANJU
720,BUSHENYI,IGARA,KYABUGIMBI
721,BUSHENYI,IGARA,KYAMUHUNGA
722,BUSHENYI,IGARA,KYEIZOBA
723,BUSHENYI,IGARA,NYABUBARE
724,BUSHENYI,RUHINDA,BITEREKO
725,BUSHENYI,RUHINDA,KABIRA
726,BUSHENYI,RUHINDA,KANYABWANGA
727,BUSHENYI,RUHINDA,KASHENSHERO
728,BUSHENYI,RUHINDA,KIYANGA
729,BUSHENYI,RUHINDA,MITOOMA
730,BUSHENYI,RUHINDA,MUTARA
731,BUSHENYI,SHEEMA,BUGONGI
732,BUSHENYI,SHEEMA,KABWOHE-ITENDERO TC
733,BUSHENYI,SHEEMA,KAGANGO
734,BUSHENYI,SHEEMA,KIGARAMA
735,BUSHENYI,SHEEMA,KITAGATA
736,BUSHENYI,SHEEMA,KYANGYENYI
737,BUSHENYI,SHEEMA,SHUUKU
219,BUSIA,SAMIA-BUGWE,BUHEHE
220,BUSIA,SAMIA-BUGWE,BULUMBI
221,BUSIA,SAMIA-BUGWE,BUSIA TC
222,BUSIA,SAMIA-BUGWE,BUSITEMA
223,BUSIA,SAMIA-BUGWE,BUTEBA
224,BUSIA,SAMIA-BUGWE,DABANI
225,BUSIA,SAMIA-BUGWE,LUMINO
226,BUSIA,SAMIA-BUGWE,LUNYO
227,BUSIA,SAMIA-BUGWE,MASABA
228,BUSIA,SAMIA-BUGWE,MASAFU
445,BUTALEJA,BUNYOLE,BUDUMBA
446,BUTALEJA,BUNYOLE,BUSABA
447,BUTALEJA,BUNYOLE,BUSOLWE
448,BUTALEJA,BUNYOLE,KACHONGA
449,BUTALEJA,BUNYOLE,NAWANJOFU
957,BUTALEJA,BUNYOLE,NAZIMASA
958,BUTALEJA,BUNYOLE,BUTALEJA
660,DOKOLO,DOKOLO,AGWATA
661,DOKOLO,DOKOLO,BATTA
662,DOKOLO,DOKOLO,DOKOLO
663,DOKOLO,DOKOLO,KANGAI
664,DOKOLO,DOKOLO,KWERA
510,GULU,ASWA,AWACH
511,GULU,ASWA,BUNGATIRA
512,GULU,ASWA,PAICHO
513,GULU,ASWA,PALARO
514,GULU,ASWA,PATIKO
515,GULU,GULU MUNICIPALITY,BAR-DEGE
516,GULU,GULU MUNICIPALITY,LAROO
517,GULU,GULU MUNICIPALITY,LAYIBI
518,GULU,GULU MUNICIPALITY,PECE
519,GULU,OMORO,BOBI
520,GULU,OMORO,KORO
521,GULU,OMORO,LAKWANA
522,GULU,OMORO,LALOGI
523,GULU,OMORO,ODEK
524,GULU,OMORO,ONGAKO
738,HOIMA,BUGAHYA,BUHANIKA
739,HOIMA,BUGAHYA,BUSERUKA
740,HOIMA,BUGAHYA,BUSIISI
741,HOIMA,BUGAHYA,HOIMA TC
742,HOIMA,BUGAHYA,KIGOROBYA TC
743,HOIMA,BUGAHYA,KIGOROBYA
744,HOIMA,BUGAHYA,KITOBA
745,HOIMA,BUGAHYA,KYABIGAMBIRE
746,HOIMA,BUHAGUZI,BUGAMBE
747,HOIMA,BUHAGUZI,BUHIMBA
748,HOIMA,BUHAGUZI,KABWOYA
749,HOIMA,BUHAGUZI,KIZIRANFUMBI
750,HOIMA,BUHAGUZI,KYANGWALI
927,IBANDA,IBANDA,BISHESHE
928,IBANDA,IBANDA,IBANDA TC
929,IBANDA,IBANDA,ISHONGORORO
930,IBANDA,IBANDA,KICUZI
931,IBANDA,IBANDA,KIKYENKYE
932,IBANDA,IBANDA,NYABUHIKYE
933,IBANDA,IBANDA,NYAMAREBE
934,IBANDA,IBANDA,RUKIRI
229,IGANGA,BUGWERI,BUYANGA
230,IGANGA,BUGWERI,IBULANKU
231,IGANGA,BUGWERI,MAKUUTU
232,IGANGA,BUGWERI,NAMALEMBA
233,IGANGA,KIGULU,BULAMAGI
234,IGANGA,KIGULU,IGANGA TC
235,IGANGA,KIGULU,NABITENDE
236,IGANGA,KIGULU,NAKALAMA
237,IGANGA,KIGULU,NAKIGO
238,IGANGA,KIGULU,NAMBALE
239,IGANGA,KIGULU,NAMUNGALWE
240,IGANGA,KIGULU,NAWANDALA
241,IGANGA,LUUKA,BUKANGA
242,IGANGA,LUUKA,BUKOOMA
243,IGANGA,LUUKA,BULONGO
244,IGANGA,LUUKA,IKUMBYA
245,IGANGA,LUUKA,IRONGO
246,IGANGA,LUUKA,NAWAMPITI
247,IGANGA,LUUKA,WAIBUGA
935,ISINGIRO,BUKANGA,ENDINZI
936,ISINGIRO,BUKANGA,KASHUMBA
937,ISINGIRO,BUKANGA,NGARAMA
938,ISINGIRO,BUKANGA,RUGAAGA
939,ISINGIRO,ISINGIRO,BIRERE
940,ISINGIRO,ISINGIRO,KABINGO
941,ISINGIRO,ISINGIRO,KABUYANDA
942,ISINGIRO,ISINGIRO,KIKAGATE
943,ISINGIRO,ISINGIRO,MASHA
944,ISINGIRO,ISINGIRO,NYAKITUNDA
248,JINJA,BUTEMBE,BUSEDDE
249,JINJA,BUTEMBE,KAKIRA
250,JINJA,BUTEMBE,MAFUBIRA
251,JINJA,JINJA MUNICIPALITY,CENTRAL DIVISION
252,JINJA,JINJA MUNICIPALITY,MPUMUDDE/KIMAKA
253,JINJA,JINJA MUNICIPALITY,MASESE/WALUKUBA
254,JINJA,KAGOMA,BUDONDO
255,JINJA,KAGOMA,BUTAGAYA
256,JINJA,KAGOMA,BUWENGE
257,JINJA,KAGOMA,BUWENGE TC
258,JINJA,KAGOMA,BUYENGO
665,KAABONG,DODOTH,KAABONG TC
666,KAABONG,DODOTH,KALAPATA
667,KAABONG,DODOTH,KAPEDO
668,KAABONG,DODOTH,KARENGA
669,KAABONG,DODOTH,KATHILE
670,KAABONG,DODOTH,LOLELIA
671,KAABONG,DODOTH,LOYORO
672,KAABONG,DODOTH,SIDOK
673,KAABONG,DODOTH,KAABONG
751,KABALE,KABALE MUNICIPALITY,KABALE CENTRAL
752,KABALE,KABALE MUNICIPALITY,KABALE NORTHERN
753,KABALE,KABALE MUNICIPALITY,KABALE SOUTHERN
754,KABALE,NDORWA,BUHARA
755,KABALE,NDORWA,KAHARO
756,KABALE,NDORWA,KAMUGANGUZI
757,KABALE,NDORWA,KITUMBA
758,KABALE,NDORWA,KYANAMIRA
759,KABALE,NDORWA,MAZIBA
760,KABALE,NDORWA,RUBAYA
761,KABALE,RUBANDA,BUBARE
762,KABALE,RUBANDA,BUFUNDI
763,KABALE,RUBANDA,HAMURWA
764,KABALE,RUBANDA,IKUMBA
765,KABALE,RUBANDA,MUKO
766,KABALE,RUKIGA,BUKINDA
767,KABALE,RUKIGA,KAMWEZI
768,KABALE,RUKIGA,KASHAMBYA
769,KABALE,RUKIGA,RWAMUCUCU
770,KABAROLE,BUNYANGABU,BUHEESI
771,KABAROLE,BUNYANGABU,KIBIITO
772,KABAROLE,BUNYANGABU,KISOMORO
773,KABAROLE,BUNYANGABU,RWIIMI
774,KABAROLE,BURAHYA,BUKUKU
775,KABAROLE,BURAHYA,BUSORO
776,KABAROLE,BURAHYA,HAKIBAALE
777,KABAROLE,BURAHYA,KARAMBI
778,KABAROLE,BURAHYA,KICWAMBA
779,KABAROLE,BURAHYA,MUGUSU
780,KABAROLE,BURAHYA,RUTEETE
781,KABAROLE,FORT PORTAL MUNICIPALITY,EASTERN
782,KABAROLE,FORT PORTAL MUNICIPALITY,WESTERN
783,KABAROLE,FORT PORTAL MUNICIPALITY,SOUTHERN
378,KABERAMAIDO,KABERAMAIDO,ALWA
379,KABERAMAIDO,KABERAMAIDO,KABERAMAIDO
380,KABERAMAIDO,KABERAMAIDO,KOBULUBULU
381,KABERAMAIDO,KABERAMAIDO,OCHERO
382,KABERAMAIDO,KABERAMAIDO,KABERAMAIDO TC
383,KABERAMAIDO,KALAKI,ANYARA
384,KABERAMAIDO,KALAKI,BULULU
385,KABERAMAIDO,KALAKI,KALAKI
386,KABERAMAIDO,KALAKI,OTUBOI
1,KALANGALA,BUJJUMBA,BUJJUMBA
2,KALANGALA,BUJJUMBA,KALANGALA TC
3,KALANGALA,BUJJUMBA,MUGOYE
4,KALANGALA,KYAMUSWA,BUBEKE
5,KALANGALA,KYAMUSWA,BUFUMIRA
6,KALANGALA,KYAMUSWA,KYAMUSWA
7,KALANGALA,KYAMUSWA,MAZINGA
450,KALIRO,BULAMOGI,BUMANYA
451,KALIRO,BULAMOGI,GADUMIRE
452,KALIRO,BULAMOGI,NAMUGONGO
453,KALIRO,BULAMOGI,NAMWIWA
454,KALIRO,BULAMOGI,NAWAIKOKE
8,KAMPALA,KAMPALA CITY COUNCIL,CENTRAL DIVISION
9,KAMPALA,KAMPALA CITY COUNCIL,KAWEMPE DIVISION
10,KAMPALA,KAMPALA CITY COUNCIL,MAKINDYE DIVISION
11,KAMPALA,KAMPALA CITY COUNCIL,NAKAWA DIVISION
12,KAMPALA,KAMPALA CITY COUNCIL,RUBAGA DIVISION
259,KAMULI,BUDIOPE,BUGAYA
260,KAMULI,BUDIOPE,BUYENDE
261,KAMULI,BUDIOPE,KAGULU
262,KAMULI,BUDIOPE,KIDERA
263,KAMULI,BUDIOPE,NKONDO
264,KAMULI,BUGABULA,BALAWOLI
265,KAMULI,BUGABULA,BULOPA
266,KAMULI,BUGABULA,BUTANSI
267,KAMULI,BUGABULA,KAMULI TC
268,KAMULI,BUGABULA,KITAYUNJWA
269,KAMULI,BUGABULA,NABWIGULU
270,KAMULI,BUGABULA,NAMASAGALI
271,KAMULI,BUGABULA,NAMWENDWA
272,KAMULI,BUZAAYA,BUGULUMBYA
273,KAMULI,BUZAAYA,KISOZI
274,KAMULI,BUZAAYA,MBULAMUTI
275,KAMULI,BUZAAYA,NAWANYAGO
276,KAMULI,BUZAAYA,WANKOLE
892,KAMWENGE,KIBALE,BWIIZI
893,KAMWENGE,KIBALE,KAHUNGE
894,KAMWENGE,KIBALE,KAMWENGE
895,KAMWENGE,KIBALE,KAMWENGE TC
896,KAMWENGE,KIBALE,NKOMA
897,KAMWENGE,KITAGWENDA,KICHECHE
898,KAMWENGE,KITAGWENDA,MAHYORO
899,KAMWENGE,KITAGWENDA,NTARA
900,KAMWENGE,KITAGWENDA,NYABBANI
901,KANUNGU,KINKIIZI,KAMBUGA
902,KANUNGU,KINKIIZI,KANYANTOROGO
903,KANUNGU,KINKIIZI,KAYONZA
904,KANUNGU,KINKIIZI,KIHIIHI
905,KANUNGU,KINKIIZI,KIRIMA
906,KANUNGU,KINKIIZI,NYAMIRAMA
907,KANUNGU,KINKIIZI,RUGYEYO
908,KANUNGU,KINKIIZI,RUTENGA
909,KANUNGU,KINKIIZI,KANUNGU TC
910,KANUNGU,KINKIIZI,MPUNGU
277,KAPCHORWA,KWEEN,BENET
278,KAPCHORWA,KWEEN,BINYINY
279,KAPCHORWA,KWEEN,KAPRORON
280,KAPCHORWA,KWEEN,KWANYINY
281,KAPCHORWA,KWEEN,NGENGE
282,KAPCHORWA,TINGEY,CHEMA
283,KAPCHORWA,TINGEY,KAPCHORWA TC
284,KAPCHORWA,TINGEY,KAPTANYA
285,KAPCHORWA,TINGEY,KASEREM
286,KAPCHORWA,TINGEY,KAWOWO
287,KAPCHORWA,TINGEY,SIPI
288,KAPCHORWA,TINGEY,TEGERES
784,KASESE,BUKONJO,BWERA
785,KASESE,BUKONJO,IHANDIRO
786,KASESE,BUKONJO,KARAMBI
787,KASESE,BUKONJO,KISINGA
788,KASESE,BUKONJO,KITHOLHU
789,KASESE,BUKONJO,KYARUMBA
790,KASESE,BUKONJO,KYONDO
791,KASESE,BUKONJO,MAHANGO
792,KASESE,BUKONJO,MUNKUNYU
793,KASESE,BUKONJO,NYAKIYUMBU
794,KASESE,BUSONGORA,BUGOYE
795,KASESE,BUSONGORA,KARUSANDARA
796,KASESE,BUSONGORA,KASESE TC
797,KASESE,BUSONGORA,KATWE KABATORO TC
798,KASESE,BUSONGORA,KILEMBE
799,KASESE,BUSONGORA,KITSWAMBA
800,KASESE,BUSONGORA,KYABARUNGIRA
801,KASESE,BUSONGORA,L. KATWE
802,KASESE,BUSONGORA,MALIBA
803,KASESE,BUSONGORA,MUHOKYA
804,KASESE,BUSONGORA,RUKOKI
289,KATAKWI,USUK,KAPUJAN
290,KATAKWI,USUK,KATAKWI
291,KATAKWI,USUK,KATAKWI TC
292,KATAKWI,USUK,MAGORO
293,KATAKWI,USUK,NGARIAM
294,KATAKWI,USUK,TOROMA
295,KATAKWI,USUK,USUK
296,KATAKWI,USUK,ONGONGOJA
297,KATAKWI,USUK,OMODOI
155,KAYUNGA,BBAALE,BBAALE
156,KAYUNGA,BBAALE,GALIRAAYA
157,KAYUNGA,BBAALE,KAYONZA
158,KAYUNGA,BBAALE,WABWOKO-KITIMBWA
159,KAYUNGA,NTENJERU,BUSANA
160,KAYUNGA,NTENJERU,KANGULUMIRA
161,KAYUNGA,NTENJERU,KAYUNGA
162,KAYUNGA,NTENJERU,KAYUNGA TC
163,KAYUNGA,NTENJERU,NAZIGO
805,KIBAALE,BUGANGAIZI,BWANSWA
806,KIBAALE,BUGANGAIZI,KAKINDO
807,KIBAALE,BUGANGAIZI,KASAMBYA
808,KIBAALE,BUGANGAIZI,KISIITA
809,KIBAALE,BUGANGAIZI,NALWEYO
810,KIBAALE,BUGANGAIZI,NKOOKO
811,KIBAALE,BUYAGA,BWIKARA
812,KIBAALE,BUYAGA,KAGADI
813,KIBAALE,BUYAGA,KIRYANGA
814,KIBAALE,BUYAGA,KYANAISOKE
815,KIBAALE,BUYAGA,MABAALE
816,KIBAALE,BUYAGA,MPEEFU
817,KIBAALE,BUYAGA,MUHORO
818,KIBAALE,BUYAGA,RUGASHARI
819,KIBAALE,BUYANJA,BWAMIRAMIRA
820,KIBAALE,BUYANJA,KIBAALE TC
821,KIBAALE,BUYANJA,KYEBANDO
822,KIBAALE,BUYANJA,MATALE
823,KIBAALE,BUYANJA,MUGARAMA
13,KIBOGA,KIBOGA,BUKOMERO
14,KIBOGA,KIBOGA,BUTEMBA
15,KIBOGA,KIBOGA,DWANIRO
16,KIBOGA,KIBOGA,GAYAZA
17,KIBOGA,KIBOGA,KAPEKE
18,KIBOGA,KIBOGA,KIBIGA
19,KIBOGA,KIBOGA,KIBOGA TC
20,KIBOGA,KIBOGA,KYANKWANZI
21,KIBOGA,KIBOGA,LWAMATA
22,KIBOGA,KIBOGA,MULAGI
23,KIBOGA,KIBOGA,MUWANGA
24,KIBOGA,KIBOGA,NSAMBYA
25,KIBOGA,KIBOGA,NTWETWE
26,KIBOGA,KIBOGA,WATTUBA
945,KIRUHURA,KAZO,BUREMBA
946,KIRUHURA,KAZO,BURUNGA
947,KIRUHURA,KAZO,KANONI
948,KIRUHURA,KAZO,KAZO
949,KIRUHURA,KAZO,RWEMIKOMA
950,KIRUHURA,NYABUSHOZI,KANYARYERU
951,KIRUHURA,NYABUSHOZI,KASHONGI
952,KIRUHURA,NYABUSHOZI,KENSHUNGA
953,KIRUHURA,NYABUSHOZI,KIKATSI
954,KIRUHURA,NYABUSHOZI,KINONI
955,KIRUHURA,NYABUSHOZI,NYAKASHASHARA
956,KIRUHURA,NYABUSHOZI,SANGA
824,KISORO,BUFUMBIRA,BUKIMBIRI
825,KISORO,BUFUMBIRA,BUSANZA
826,KISORO,BUFUMBIRA,CHAHI
827,KISORO,BUFUMBIRA,KANABA
828,KISORO,BUFUMBIRA,KIRUNDO
829,KISORO,BUFUMBIRA,KISORO TC
830,KISORO,BUFUMBIRA,MURAMBA
831,KISORO,BUFUMBIRA,MURORA
832,KISORO,BUFUMBIRA,NYABWISHENYA
833,KISORO,BUFUMBIRA,NYAKABANDE
834,KISORO,BUFUMBIRA,NYAKINAMA
835,KISORO,BUFUMBIRA,NYARUBUYE
836,KISORO,BUFUMBIRA,NYARUSIZA
837,KISORO,BUFUMBIRA,NYUNDO
525,KITGUM,CHUA,KITGUM TC
526,KITGUM,CHUA,KITIGUM MATIDI
527,KITGUM,CHUA,LABONGO AKWANG
528,KITGUM,CHUA,LABONGO AMIDA
529,KITGUM,CHUA,LABONGO LAYAMO
530,KITGUM,CHUA,LAGORO
531,KITGUM,CHUA,MUCWINI
532,KITGUM,CHUA,NAMOKORA
533,KITGUM,CHUA,OMIYA ANYIMA
534,KITGUM,CHUA,OROM
535,KITGUM,LAMWO,AGORO
536,KITGUM,LAMWO,LOKUNG
537,KITGUM,LAMWO,MADI OPEI
538,KITGUM,LAMWO,PARABEK OGILI
539,KITGUM,LAMWO,PADIBE EAST
540,KITGUM,LAMWO,PADIBE WEST
541,KITGUM,LAMWO,PALABEK GEM
542,KITGUM,LAMWO,PALABEK KAL
543,KITGUM,LAMWO,PALOGA
674,KOBOKO,KOBOKO,KOBOKO TC
675,KOBOKO,KOBOKO,KULUBA
676,KOBOKO,KOBOKO,LOBULE
677,KOBOKO,KOBOKO,LUDARA
678,KOBOKO,KOBOKO,MIDIA
544,KOTIDO,JIE,KACHERI
545,KOTIDO,JIE,KOTIDO
546,KOTIDO,JIE,KOTIDO TC
547,KOTIDO,JIE,NAKAPELIMORU
548,KOTIDO,JIE,PANYANGARA
549,KOTIDO,JIE,RENGEN
298,KUMI,KUMI,ATUTUR
299,KUMI,KUMI,KANYUM
300,KUMI,KUMI,KUMI
301,KUMI,KUMI,KUMI TC
302,KUMI,KUMI,MUKONGORO
303,KUMI,KUMI,NYERO
304,KUMI,KUMI,ONGINO
305,KUMI,NGORA,KAPIR
306,KUMI,NGORA,KOBWIN
307,KUMI,NGORA,MUKURA
308,KUMI,NGORA,NGORA
911,KYENJOJO,KYAKA,HAPUYO
912,KYENJOJO,KYAKA,KAKABARA
913,KYENJOJO,KYAKA,KASULE
914,KYENJOJO,KYAKA,KYEGEGWA
915,KYENJOJO,KYAKA,MPARA
916,KYENJOJO,MWENGE,BUFUNJO
917,KYENJOJO,MWENGE,BUGAAKI
918,KYENJOJO,MWENGE,BUTIITI
919,KYENJOJO,MWENGE,KATOKE
920,KYENJOJO,MWENGE,KIHUURA
921,KYENJOJO,MWENGE,KYARUSOZI
922,KYENJOJO,MWENGE,KYENJOJO TC
923,KYENJOJO,MWENGE,NYANKWANZI
924,KYENJOJO,MWENGE,NYANTUNGO
550,LIRA,ERUTE,ADEKOKWOK
551,LIRA,ERUTE,AMACH
552,LIRA,ERUTE,AROMO
553,LIRA,ERUTE,BARR
554,LIRA,ERUTE,LIRA
555,LIRA,ERUTE,OGUR
556,LIRA,LIRA MUNICIPALITY,ADYEL
557,LIRA,LIRA MUNICIPALITY,CENTRAL
558,LIRA,LIRA MUNICIPALITY,OJWINA
559,LIRA,LIRA MUNICIPALITY,RAILWAY
560,LIRA,MOROTO,ABAKO
561,LIRA,MOROTO,ALOI
562,LIRA,MOROTO,AMUGO
563,LIRA,MOROTO,APALA
564,LIRA,MOROTO,OMORO
565,LIRA,OTUKE,ADWARI
566,LIRA,OTUKE,OKWANG
567,LIRA,OTUKE,OLILIM
568,LIRA,OTUKE,ORUM
27,LUWERO,BAMUNANIKA,BAMUNANIKA
28,LUWERO,BAMUNANIKA,KALAGALA
29,LUWERO,BAMUNANIKA,KAMIRA
30,LUWERO,BAMUNANIKA,KIKYUSA
31,LUWERO,BAMUNANIKA,ZIROBWE
32,LUWERO,KATIKAMU,BOMBO TC
33,LUWERO,KATIKAMU,BUTUNTUMULA
34,LUWERO,KATIKAMU,KATIKAMU
35,LUWERO,KATIKAMU,LUWERO
36,LUWERO,KATIKAMU,LUWERO TC
37,LUWERO,KATIKAMU,MAKULUBITA
38,LUWERO,KATIKAMU,NYIMBWA
39,LUWERO,KATIKAMU,WOBULENZI TC
181,LYANTONDE,KABULA,KALIIRO
182,LYANTONDE,KABULA,KASAGAMA
183,LYANTONDE,KABULA,KINUUKA
184,LYANTONDE,KABULA,LYANTONDE
185,LYANTONDE,KABULA,LYANTONDE TC
186,LYANTONDE,KABULA,MPUMUDDE
455,MANAFWA,BUBULO,BUBUTU
456,MANAFWA,BUBULO,BUGOBERO
457,MANAFWA,BUBULO,BUMBO
458,MANAFWA,BUBULO,BUMWONI
459,MANAFWA,BUBULO,BUPOTO
460,MANAFWA,BUBULO,BUTIRU
461,MANAFWA,BUBULO,BUWABWALA
462,MANAFWA,BUBULO,BUWAGOGO
463,MANAFWA,BUBULO,KAATO
464,MANAFWA,BUBULO,SIBANGA
40,MASAKA,BUKOMANSIMBI,BIGASA
41,MASAKA,BUKOMANSIMBI,BUTENGA
42,MASAKA,BUKOMANSIMBI,KIBINGE
43,MASAKA,BUKOMANSIMBI,KITANDA
44,MASAKA,BUKOTO,BUKAKATA
45,MASAKA,BUKOTO,BUWUNGA
46,MASAKA,BUKOTO,KABONERA
47,MASAKA,BUKOTO,KISEKKA
48,MASAKA,BUKOTO,KKINGO
49,MASAKA,BUKOTO,KYANAMUKAAKA
50,MASAKA,BUKOTO,KYAZANGA
51,MASAKA,BUKOTO,LWENGO
52,MASAKA,BUKOTO,MALONGO
53,MASAKA,BUKOTO,MUKUNGWE
54,MASAKA,BUKOTO,NDAGWE
55,MASAKA,KALUNGU,BUKULULA
56,MASAKA,KALUNGU,KALUNGU
57,MASAKA,KALUNGU,KYAMULIIBWA
58,MASAKA,KALUNGU,LUKAYA TC
59,MASAKA,KALUNGU,LWABENGE
60,MASAKA,MASAKA MUNICIPALITY,KATWE/BUTEGO
61,MASAKA,MASAKA MUNICIPALITY,KIMANYA/KYABAKUZA
62,MASAKA,MASAKA MUNICIPALITY,NYENDO/SENYANGE
838,MASINDI,BUJENJE,BUDONGO
839,MASINDI,BUJENJE,BWIJANGA
840,MASINDI,BURUULI,KARUJUBU
841,MASINDI,BURUULI,KIMENGO
842,MASINDI,BURUULI,MASINDI TC
843,MASINDI,BURUULI,MIIRYA
844,MASINDI,BURUULI,NYANGAHYA
845,MASINDI,BURUULI,PAKANYI
846,MASINDI,KIBANDA,KIGUMBA
847,MASINDI,KIBANDA,KIRYANDONGO
848,MASINDI,KIBANDA,MASINDI PORT
849,MASINDI,KIBANDA,MUTUNDA
387,MAYUGE,BUNYA,MAYUGE TC
388,MAYUGE,BUNYA,BAITAMBOGWE
389,MAYUGE,BUNYA,BUWAAYA
390,MAYUGE,BUNYA,IMMANYIRO
391,MAYUGE,BUNYA,KIGANDALO
392,MAYUGE,BUNYA,KITYERERA
393,MAYUGE,BUNYA,MALONGO
309,MBALE,BUNGOKHO,BUFUMBO
310,MBALE,BUNGOKHO,BUKONDE
311,MBALE,BUNGOKHO,BUKYIENDE
312,MBALE,BUNGOKHO,BUNGOKHO
313,MBALE,BUNGOKHO,BUNGOKHO-MUTOTO
314,MBALE,BUNGOKHO,BUSANO
315,MBALE,BUNGOKHO,BUSIU
316,MBALE,BUNGOKHO,BUSOBA
317,MBALE,BUNGOKHO,NAKALOKE
318,MBALE,BUNGOKHO,NAMANYONYI
319,MBALE,BUNGOKHO,WANALE
320,MBALE,MBALE MUNICIPALITY,INDUSTRIAL DIVISION
321,MBALE,MBALE MUNICIPALITY,NORTHERN DIVISION
322,MBALE,MBALE MUNICIPALITY,WANALE DIVISION
850,MBARARA,KASHARI,BUBAARE
851,MBARARA,KASHARI,BUKIRO
852,MBARARA,KASHARI,KAGONGI
853,MBARARA,KASHARI,KAKIIKA
854,MBARARA,KASHARI,KASHARE
855,MBARARA,KASHARI,RUBAYA
856,MBARARA,KASHARI,RUBINDI
857,MBARARA,KASHARI,RWANYAMAHEMBE
858,MBARARA,MBARARA MUNICIPALITY,KAKOBA
859,MBARARA,MBARARA MUNICIPALITY,KAMUKUZI
860,MBARARA,MBARARA MUNICIPALITY,NYAMITANGA
861,MBARARA,RWAMPARA,BUGAMBA
862,MBARARA,RWAMPARA,MWIZI
863,MBARARA,RWAMPARA,NDAIJA
864,MBARARA,RWAMPARA,NYAKAYOJO
865,MBARARA,RWAMPARA,RUGANDO
187,MITYANA,BUSUJJU,BUTAYUNJA
188,MITYANA,BUSUJJU,KAKINDU
189,MITYANA,BUSUJJU,MAANYI
190,MITYANA,BUSUJJU,MALANGALA
191,MITYANA,MITYANA,BULERA
192,MITYANA,MITYANA,BUSIMBI
193,MITYANA,MITYANA,KIKANDWA
194,MITYANA,MITYANA,MITYANA TC
195,MITYANA,MITYANA,SSEKANYONYI
569,MOROTO,BOKORA,IRIIRI
570,MOROTO,BOKORA,LOKOPO
571,MOROTO,BOKORA,LOPEI
572,MOROTO,BOKORA,LOTOME
573,MOROTO,BOKORA,MATANY
574,MOROTO,BOKORA,NGOLERIET
575,MOROTO,MATHENIKO,KATIKEKILE
576,MOROTO,MATHENIKO,NADUNGET
577,MOROTO,MATHENIKO,RUPA
578,MOROTO,MOROTO MUNICIPALITY,NORTHERN DIVISION
579,MOROTO,MOROTO MUNICIPALITY,SOUTHERN DIVISION
580,MOYO,OBONGI,ALIBA
581,MOYO,OBONGI,GIMARA
582,MOYO,OBONGI,ITULA
583,MOYO,WEST MOYO,DUFILE
584,MOYO,WEST MOYO,LEFORI
585,MOYO,WEST MOYO,METU
586,MOYO,WEST MOYO,MOYO TC
587,MOYO,WEST MOYO,MOYO
63,MPIGI,BUTAMBALA,BUDDE
64,MPIGI,BUTAMBALA,BULO
65,MPIGI,BUTAMBALA,KALAMBA
66,MPIGI,BUTAMBALA,KIBIBI
67,MPIGI,BUTAMBALA,NGANDO
68,MPIGI,GOMBA,KABULASOKE
69,MPIGI,GOMBA,KYEGONZA
70,MPIGI,GOMBA,MADDU
71,MPIGI,GOMBA,MPENJA
72,MPIGI,MAWOKOTA,BUWAMA
73,MPIGI,MAWOKOTA,KAMENGO
74,MPIGI,MAWOKOTA,KIRINGENTE
75,MPIGI,MAWOKOTA,KITUNTU
76,MPIGI,MAWOKOTA,MPIGI
77,MPIGI,MAWOKOTA,MPIGI TC
78,MPIGI,MAWOKOTA,MUDUMA
79,MPIGI,MAWOKOTA,NKOZI
80,MUBENDE,BUWEKULA,BAGEZZA
81,MUBENDE,BUWEKULA,BUTOLOOGO
82,MUBENDE,BUWEKULA,KASAMBYA
83,MUBENDE,BUWEKULA,KITENGA
84,MUBENDE,BUWEKULA,KIYUNI
85,MUBENDE,BUWEKULA,MADUDU
86,MUBENDE,BUWEKULA,MUBENDE TC
87,MUBENDE,KASSANDA,BUKUYA
88,MUBENDE,KASSANDA,KASSANDA
89,MUBENDE,KASSANDA,KIGANDA
90,MUBENDE,KASSANDA,MYANZI
91,MUKONO,BUIKWE,BUIKWE
92,MUKONO,BUIKWE,KAWOLO
93,MUKONO,BUIKWE,LUGAZI TC
94,MUKONO,BUIKWE,NAJJA
95,MUKONO,BUIKWE,NAJJEMBE
96,MUKONO,BUIKWE,NGOGWE
97,MUKONO,BUIKWE,NJERU TC
98,MUKONO,BUIKWE,NKOKONJERU TC
99,MUKONO,BUIKWE,NYENGA
100,MUKONO,BUIKWE,SSI-BUKUNJA
101,MUKONO,BUIKWE,WAKISI
102,MUKONO,BUVUMA,BUGAYA
103,MUKONO,BUVUMA,BUSAMUZI
104,MUKONO,BUVUMA,BWEEMA
105,MUKONO,BUVUMA,NAIRAMBI
106,MUKONO,MUKONO,GOMA
107,MUKONO,MUKONO,KKOME ISLANDS
108,MUKONO,MUKONO,KYAMPISI
109,MUKONO,MUKONO,MUKONO TC
110,MUKONO,MUKONO,NAKISUNGA
111,MUKONO,MUKONO,NAMA
112,MUKONO,MUKONO,NTENJERU
113,MUKONO,NAKIFUMA,KASAWO
114,MUKONO,NAKIFUMA,KIMENYEDDE
115,MUKONO,NAKIFUMA,NABAALE
116,MUKONO,NAKIFUMA,NAGOJJE
117,MUKONO,NAKIFUMA,NTUNDA
118,MUKONO,NAKIFUMA,SEETA-NAMUGANGA
607,NAKAPIRIPIRIT,CHEKWII,KAKOMONGOLE
608,NAKAPIRIPIRIT,CHEKWII,MORUITA
609,NAKAPIRIPIRIT,CHEKWII,NAKAPIRIPIRIT TC
610,NAKAPIRIPIRIT,CHEKWII,NAMALU
611,NAKAPIRIPIRIT,PIAN,LOLACHAT
612,NAKAPIRIPIRIT,PIAN,LORENGEDWAT
613,NAKAPIRIPIRIT,PIAN,NABILATUK
614,NAKAPIRIPIRIT,POKOT,AMUDAT
615,NAKAPIRIPIRIT,POKOT,KARITA
616,NAKAPIRIPIRIT,POKOT,LOROO
196,NAKASEKE,NAKASEKE,KAPEEKA
197,NAKASEKE,NAKASEKE,KASANGOMBE
198,NAKASEKE,NAKASEKE,KIKAMULO
199,NAKASEKE,NAKASEKE,NAKASEKE
200,NAKASEKE,NAKASEKE,NGOMA
201,NAKASEKE,NAKASEKE,SEMUTO
202,NAKASEKE,NAKASEKE,WAKYATO
119,NAKASONGOLA,BURULI,KAKOOGE
120,NAKASONGOLA,BURULI,KALONGO
121,NAKASONGOLA,BURULI,KALUNGI
122,NAKASONGOLA,BURULI,LWABYATA
123,NAKASONGOLA,BURULI,LWAMPANGA
124,NAKASONGOLA,BURULI,NABISWERA
125,NAKASONGOLA,BURULI,NAKASONGOLA TC
126,NAKASONGOLA,BURULI,NAKITOMA
127,NAKASONGOLA,BURULI,WABINYONYI
465,NAMUTUMBA,BUSIKI,BULANGE
466,NAMUTUMBA,BUSIKI,IVUKULA
467,NAMUTUMBA,BUSIKI,KIBAALE
468,NAMUTUMBA,BUSIKI,MAGADA
469,NAMUTUMBA,BUSIKI,NAMUTUMBA
470,NAMUTUMBA,BUSIKI,NSINZE
588,NEBBI,JONAM,PAKWACH
589,NEBBI,JONAM,PAKWACH TC
590,NEBBI,JONAM,PANYANGO
591,NEBBI,JONAM,PANYIMUR
592,NEBBI,JONAM,WADELAI
593,NEBBI,OKORO,ATYAK
594,NEBBI,OKORO,JANGOKORO
595,NEBBI,OKORO,KANGO
596,NEBBI,OKORO,NYAPEA
597,NEBBI,OKORO,PAIDHA
598,NEBBI,OKORO,PAIDHA TC
599,NEBBI,OKORO,ZEU
600,NEBBI,PADYERE,AKWORO
601,NEBBI,PADYERE,ERUSSI
602,NEBBI,PADYERE,KUCWINY
603,NEBBI,PADYERE,NEBBI
604,NEBBI,PADYERE,NEBBI TC
605,NEBBI,PADYERE,NYARAVUR
606,NEBBI,PADYERE,PAROMBO
866,NTUNGAMO,KAJARA,BWONGYERA
867,NTUNGAMO,KAJARA,IHUNGA
868,NTUNGAMO,KAJARA,KIBATSI
869,NTUNGAMO,KAJARA,NYABIHOKO
870,NTUNGAMO,RUHAAMA,ITOJO
871,NTUNGAMO,RUHAAMA,NTUNGAMO
872,NTUNGAMO,RUHAAMA,NTUNGAMO TC
873,NTUNGAMO,RUHAAMA,NYAKYERA
874,NTUNGAMO,RUHAAMA,RUHAAMA
875,NTUNGAMO,RUHAAMA,RUKONI
876,NTUNGAMO,RUHAAMA,RWEIKINIRO
877,NTUNGAMO,RUSHENYI,KAYONZA
878,NTUNGAMO,RUSHENYI,NGOMA
879,NTUNGAMO,RUSHENYI,RUBAARE
880,NTUNGAMO,RUSHENYI,RUGARAMA
679,NYADRI,MARACHA,YIVU
680,NYADRI,MARACHA,NYADRI
681,NYADRI,MARACHA,OLEBA
682,NYADRI,MARACHA,OLUVU
683,NYADRI,MARACHA,TARA
684,NYADRI,MARACHA,OLUFFE
685,NYADRI,MARACHA,KIJOMORO
686,NYADRI,TEREGO,AII-VU
687,NYADRI,TEREGO,BELEAFE
688,NYADRI,TEREGO,KATRINI
689,NYADRI,TEREGO,ODUPI
690,NYADRI,TEREGO,OMUGO
691,NYADRI,TEREGO,URIAMA
692,OYAM,OYAM,ABER
693,OYAM,OYAM,ACABA
694,OYAM,OYAM,ICEME
695,OYAM,OYAM,LORO
696,OYAM,OYAM,MINAKULU
697,OYAM,OYAM,NGAI
698,OYAM,OYAM,OTWAL
617,PADER,ARUU,ACHOLIBUR
618,PADER,ARUU,ATANGA
619,PADER,ARUU,AWER
620,PADER,ARUU,KILAK
621,PADER,ARUU,LAGUTI
622,PADER,ARUU,LAPUL
623,PADER,ARUU,PADER TC
624,PADER,ARUU,PAJULE
625,PADER,ARUU,PURANGA
626,PADER,AGAGO,WOL
627,PADER,AGAGO,ADILANG
628,PADER,AGAGO,LAPONO
629,PADER,AGAGO,LIRA PALWO
630,PADER,AGAGO,LUKOLE
631,PADER,AGAGO,OMOT
632,PADER,AGAGO,PAIMOL
633,PADER,AGAGO,PARABONGO
634,PADER,AGAGO,PATONGO
323,PALLISA,BUTEBO,BUTEBO
324,PALLISA,BUTEBO,KABWANGASI
325,PALLISA,BUTEBO,KAKORO
326,PALLISA,BUTEBO,KIBALE
327,PALLISA,BUTEBO,PETETE
328,PALLISA,KIBUKU,BULANGIRA
329,PALLISA,KIBUKU,BUSETA
330,PALLISA,KIBUKU,KIBUKU
331,PALLISA,KIBUKU,KADAMA
332,PALLISA,KIBUKU,TIRINYI
333,PALLISA,KIBUKU,KAGUMU
334,PALLISA,KIBUKU,KIRIKA
335,PALLISA,PALLISA,AGULE
336,PALLISA,PALLISA,APOPONG
337,PALLISA,PALLISA,GOGONYO
338,PALLISA,PALLISA,KAMEKE
339,PALLISA,PALLISA,KASODO
340,PALLISA,PALLISA,PALLISA
341,PALLISA,PALLISA,PALLISA TC
342,PALLISA,PALLISA,PUTI-PUTI
343,PALLISA,PALLISA,KAMUGE
128,RAKAI,KAKUUTO,KAKUUTO
129,RAKAI,KAKUUTO,KASASA
130,RAKAI,KAKUUTO,KIBANDA
131,RAKAI,KAKUUTO,KIFAMBA
132,RAKAI,KAKUUTO,KYEBE
133,RAKAI,KOOKI,BYAKABANDA
134,RAKAI,KOOKI,DDWANIRO
135,RAKAI,KOOKI,KACHEERA
136,RAKAI,KOOKI,KAGAMBA (BUYAMBA)
137,RAKAI,KOOKI,KYALULANGIRA
138,RAKAI,KOOKI,LWAMAGGWA
139,RAKAI,KOOKI,LWANDA
140,RAKAI,KOOKI,RAKAI TC
141,RAKAI,KYOTERA,KABIRA
142,RAKAI,KYOTERA,KALISIZO
143,RAKAI,KYOTERA,KASAALI
144,RAKAI,KYOTERA,KIRUMBA
145,RAKAI,KYOTERA,KYOTERA TC
146,RAKAI,KYOTERA,LWANKONI
147,RAKAI,KYOTERA,NABIGASA
881,RUKUNGIRI,RUBABO,BUYANJA
882,RUKUNGIRI,RUBABO,KEBISONI
883,RUKUNGIRI,RUBABO,NYAKISHENYI
884,RUKUNGIRI,RUBABO,NYARUSHANJE
885,RUKUNGIRI,BUJUMBURA,BUGANGARI
886,RUKUNGIRI,BUJUMBURA,BUHUNGA
887,RUKUNGIRI,BUJUMBURA,BWAMBARA
888,RUKUNGIRI,BUJUMBURA,KAGUNGA
889,RUKUNGIRI,BUJUMBURA,NYAKAGYEME
890,RUKUNGIRI,BUJUMBURA,RUHINDA
891,RUKUNGIRI,BUJUMBURA,RUKUNGIRI TC
394,SIRONKO,BUDADIRI,BUHUGU
395,SIRONKO,BUDADIRI,BUMASIFWA
396,SIRONKO,BUDADIRI,BUSULANI
397,SIRONKO,BUDADIRI,BUTANDIGA
398,SIRONKO,BUDADIRI,BUTEZA
399,SIRONKO,BUDADIRI,BUWALASI
400,SIRONKO,BUDADIRI,BUYOBO
401,SIRONKO,BUDADIRI,SIRONKO TC
402,SIRONKO,BUDADIRI,ZESUI
403,SIRONKO,BUDADIRI,BUKHULO
404,SIRONKO,BULAMBULI,BUGINYANYA
405,SIRONKO,BULAMBULI,BUKHALU
406,SIRONKO,BULAMBULI,BULAGO
407,SIRONKO,BULAMBULI,BULEGENI
408,SIRONKO,BULAMBULI,BULUGANYA
409,SIRONKO,BULAMBULI,BUNAMBUTYE
410,SIRONKO,BULAMBULI,MASIIRA
411,SIRONKO,BULAMBULI,MUYEMBE
412,SIRONKO,BULAMBULI,SISIYI
344,SOROTI,KASILO,BUGONDO
345,SOROTI,KASILO,KADUNGULU
346,SOROTI,KASILO,PINGIRE
347,SOROTI,SERERE,ATIIRA
348,SOROTI,SERERE,KATETA
349,SOROTI,SERERE,KYERE
350,SOROTI,SERERE,OLIO
351,SOROTI,SOROTI,ARAPAI
352,SOROTI,SOROTI,ASURET
353,SOROTI,SOROTI,GWERI
354,SOROTI,SOROTI,KAMUDA
355,SOROTI,SOROTI,KATINE
356,SOROTI,SOROTI,SOROTI
357,SOROTI,SOROTI,TUBUR
358,SOROTI,SOROTI MUNICIPALITY,EASTERN DIVISION
359,SOROTI,SOROTI MUNICIPALITY,NORTHERN DIVISION
360,SOROTI,SOROTI MUNICIPALITY,WESTERN DIVISION
148,SSEMBABULE,LWEMIYAGA,LWEMIYAGA
149,SSEMBABULE,LWEMIYAGA,NTUSI
150,SSEMBABULE,MAWOGOLA,LUGUSULU
151,SSEMBABULE,MAWOGOLA,LWEBITAKULI
152,SSEMBABULE,MAWOGOLA,MATEETE
153,SSEMBABULE,MAWOGOLA,MIJWALA
154,SSEMBABULE,MAWOGOLA,SEMBABULE TC
361,TORORO,TORORO,KWAPA
362,TORORO,TORORO,MELLA
363,TORORO,TORORO,MERIKIT
364,TORORO,TORORO,MOLO
365,TORORO,TORORO,MUKUJU
366,TORORO,TORORO,OSUKURU
367,TORORO,TORORO MUNICIPALITY,EASTERN DIVISION
368,TORORO,TORORO MUNICIPALITY,WESTERN DIVISION
369,TORORO,WEST BUDAMA (KISOLO),IYOLWA
370,TORORO,WEST BUDAMA (KISOLO),KIREWA
371,TORORO,WEST BUDAMA (KISOLO),KISOKO
372,TORORO,WEST BUDAMA (KISOLO),MULANDA
373,TORORO,WEST BUDAMA (KISOLO),NABUYOGA
374,TORORO,WEST BUDAMA (KISOLO),NAGONGERA
375,TORORO,WEST BUDAMA (KISOLO),PAYA
376,TORORO,WEST BUDAMA (KISOLO),PETTA
377,TORORO,WEST BUDAMA (KISOLO),RUBONGI
164,WAKISO,BUSIRO,KAKIRI
165,WAKISO,BUSIRO,KASANJE
166,WAKISO,BUSIRO,KATABI
167,WAKISO,BUSIRO,MASULITA
168,WAKISO,BUSIRO,NAMAYUMBA
169,WAKISO,BUSIRO,NSANGI
170,WAKISO,BUSIRO,SSISA
171,WAKISO,BUSIRO,WAKISO
172,WAKISO,BUSIRO,WAKISO TC
173,WAKISO,ENTEBBE MUNICIPALITY,DIVISION A
174,WAKISO,ENTEBBE MUNICIPALITY,DIVISION B
175,WAKISO,KYADONDO,BUSUKUMA
176,WAKISO,KYADONDO,GOMBE
177,WAKISO,KYADONDO,KIRA
178,WAKISO,KYADONDO,NABWERU
179,WAKISO,KYADONDO,NANGABO
180,WAKISO,KYADONDO,SSABAGABO-MAKINDYE
635,YUMBE,ARINGA,APO
636,YUMBE,ARINGA,DRAJANI
637,YUMBE,ARINGA,KEI
638,YUMBE,ARINGA,KURU
639,YUMBE,ARINGA,MIDIGO
640,YUMBE,ARINGA,ODRAVU
641,YUMBE,ARINGA,ROMOGI
642,YUMBE,ARINGA,YUMBE TC